id;firstname;lastname;email;gender
1;Demott;Pardi;dpardi0@seattletimes.com;Male
2;Rodrique;Kettlestring;rkettlestring1@123-reg.co.uk;Male
3;Welby;Warrilow;wwarrilow2@weebly.com;Male
4;Bartel;Aldritt;baldritt3@dagondesign.com;Male
5;Lura;Blodget;lblodget4@ovh.net;Female
6;Vonny;Stares;vstares5@marriott.com;Genderfluid
7;Jedidiah;Comettoi;jcomettoi6@ask.com;Male
8;Angelia;Verrillo;averrillo7@theguardian.com;Female
9;Randie;Brantl;rbrantl8@google.com.hk;Male
10;Carly;Bellefant;cbellefant9@webeden.co.uk;Male
11;Ephrayim;Fisbey;efisbeya@cam.ac.uk;Male
12;Farrand;Grinin;fgrininb@amazonaws.com;Female
13;Gerrilee;Niave;gniavec@washington.edu;Genderqueer
14;Aguste;Causer;acauserd@sakura.ne.jp;Polygender
15;Min;Kilbane;mkilbanee@123-reg.co.uk;Female
16;Diann;O'Doran;dodoranf@jigsy.com;Female
17;Keven;Latey;klateyg@eventbrite.com;Non-binary
18;Gwenni;Lipmann;glipmannh@hostgator.com;Non-binary
19;Courtney;Checkley;ccheckleyi@acquirethisname.com;Male
20;Farlee;Filimore;ffilimorej@mashable.com;Male
21;Angelina;Lydden;alyddenk@linkedin.com;Agender
22;Matthias;Crab;mcrabl@skype.com;Male
23;Adeline;Blasl;ablaslm@google.com.br;Female
24;Mellisa;L'Episcopi;mlepiscopin@jiathis.com;Female
25;Earvin;Mattingson;emattingsono@utexas.edu;Male
26;Domingo;Athelstan;dathelstanp@abc.net.au;Genderfluid
27;Saunderson;Purkiss;spurkissq@amazon.co.uk;Male
28;Jorry;Winkle;jwinkler@harvard.edu;Female
29;Winthrop;Beauchamp;wbeauchamps@symantec.com;Male
30;Fredi;Kissock;fkissockt@npr.org;Female
31;Debra;Bauld;dbauldu@feedburner.com;Female
32;Armin;Gommowe;agommowev@yolasite.com;Male
33;Devina;Walthew;dwaltheww@cdc.gov;Female
34;Ivett;Hodgets;ihodgetsx@upenn.edu;Female
35;Cornelius;Sappell;csappelly@163.com;Male
36;Flori;Izzett;fizzettz@nature.com;Female
37;Odelia;Akam;oakam10@macromedia.com;Female
38;Lowrance;Stedall;lstedall11@howstuffworks.com;Male
39;Gan;Labrum;glabrum12@ucoz.com;Male
40;Tabbie;Petrishchev;tpetrishchev13@last.fm;Male
41;Wilmer;Harkins;wharkins14@jugem.jp;Male
42;Owen;Fassan;ofassan15@trellian.com;Male
43;Thorvald;Hasnney;thasnney16@nature.com;Male
44;Nolana;Brokenshaw;nbrokenshaw17@sphinn.com;Female
45;Benji;Lys;blys18@godaddy.com;Male
46;Pacorro;Szreter;pszreter19@feedburner.com;Male
47;Tucky;Andreone;tandreone1a@sakura.ne.jp;Male
48;Deonne;Shoesmith;dshoesmith1b@upenn.edu;Female
49;Ezekiel;Gilhooley;egilhooley1c@istockphoto.com;Male
50;Eugenia;Wormleighton;ewormleighton1d@domainmarket.com;Female
51;Wynn;Sparkes;wsparkes1e@lulu.com;Female
52;Karim;Heberden;kheberden1f@unblog.fr;Male
53;Kendre;Regus;kregus1g@blogtalkradio.com;Female
54;Sancho;Schimpke;sschimpke1h@de.vu;Male
55;Rowney;Jirusek;rjirusek1i@meetup.com;Bigender
56;Kristoforo;Hallstone;khallstone1j@hhs.gov;Male
57;Therese;Ousby;tousby1k@dropbox.com;Female
58;Devin;Core;dcore1l@booking.com;Male
59;Wald;Pietrowicz;wpietrowicz1m@miitbeian.gov.cn;Male
60;Skippie;Fowells;sfowells1n@narod.ru;Male
61;Seka;Ruhben;sruhben1o@amazon.co.jp;Female
62;Kipp;Horsted;khorsted1p@list-manage.com;Female
63;Lane;Pomfret;lpomfret1q@vistaprint.com;Female
64;Sadella;Godfrey;sgodfrey1r@google.ru;Female
65;Manolo;Shawley;mshawley1s@state.tx.us;Male
66;Zorine;Plum;zplum1t@shutterfly.com;Female
67;Alessandra;Lishmund;alishmund1u@wsj.com;Female
68;Ruthe;Bohl;rbohl1v@ox.ac.uk;Female
69;Marjorie;Karadzas;mkaradzas1w@netlog.com;Female
70;Hasty;Simister;hsimister1x@google.es;Non-binary
71;Paddy;Sandells;psandells1y@so-net.ne.jp;Male
72;Ninette;Merredy;nmerredy1z@163.com;Female
73;Odey;Bendtsen;obendtsen20@yelp.com;Male
74;Gertruda;Fuke;gfuke21@about.me;Female
75;Alice;Avrahamy;aavrahamy22@home.pl;Female
76;Chevalier;St Angel;cstangel23@samsung.com;Male
77;Evonne;Rosenauer;erosenauer24@angelfire.com;Female
78;Toddie;Stonnell;tstonnell25@sohu.com;Male
79;Mart;Dockrey;mdockrey26@theglobeandmail.com;Male
80;Sheena;Brittle;sbrittle27@shinystat.com;Female
81;Melisse;Beaulieu;mbeaulieu28@google.ru;Female
82;Demetra;Adamczyk;dadamczyk29@hp.com;Female
83;Rora;Nani;rnani2a@fema.gov;Female
84;Hakeem;Kaygill;hkaygill2b@archive.org;Male
85;Courtney;Dimitriades;cdimitriades2c@gravatar.com;Female
86;Brion;Lubbock;blubbock2d@irs.gov;Male
87;Delbert;Hucks;dhucks2e@fastcompany.com;Male
88;Sharia;Ezzell;sezzell2f@addthis.com;Female
89;Evey;Gantley;egantley2g@aboutads.info;Female
90;Way;Coalbran;wcoalbran2h@yellowpages.com;Male
91;Danita;Moreinis;dmoreinis2i@stanford.edu;Female
92;Faun;Ranner;franner2j@baidu.com;Female
93;Carmina;Volk;cvolk2k@dailymotion.com;Female
94;Phyllida;Masse;pmasse2l@ezinearticles.com;Female
95;Neysa;Aneley;naneley2m@theglobeandmail.com;Female
96;Peterus;Carbett;pcarbett2n@wired.com;Male
97;Bessie;Spain;bspain2o@ox.ac.uk;Female
98;Ivie;Crabbe;icrabbe2p@nature.com;Female
99;Rodger;Antonik;rantonik2q@webnode.com;Male
100;Jamal;Jurca;jjurca2r@soundcloud.com;Male
101;Oswell;Fincham;ofincham2s@live.com;Male
102;Hermon;Moff;hmoff2t@icio.us;Genderqueer
103;Kassie;Kalinovich;kkalinovich2u@forbes.com;Female
104;Neall;Girke;ngirke2v@feedburner.com;Bigender
105;Mirilla;De Carteret;mdecarteret2w@hao123.com;Female
106;Hamlen;Secker;hsecker2x@sohu.com;Male
107;Maxy;Tapper;mtapper2y@multiply.com;Male
108;Neal;Ranner;nranner2z@last.fm;Male
109;Wes;Simkovich;wsimkovich30@prweb.com;Male
110;Cher;Shiliton;cshiliton31@fastcompany.com;Genderfluid
111;Bernardine;Hallad;bhallad32@blinklist.com;Agender
112;Giralda;Kalf;gkalf33@tripadvisor.com;Female
113;Nickie;Du Barry;ndubarry34@sina.com.cn;Polygender
114;Glenn;Angrave;gangrave35@bbc.co.uk;Male
115;Clayborne;Alden;calden36@angelfire.com;Male
116;Frances;Shower;fshower37@weibo.com;Female
117;Cody;Aleshkov;caleshkov38@shop-pro.jp;Male
118;Leon;Skingley;lskingley39@stumbleupon.com;Male
119;Vite;Gillis;vgillis3a@stanford.edu;Male
120;Nobie;Eamer;neamer3b@japanpost.jp;Male
121;Marve;Hollyland;mhollyland3c@amazon.com;Male
122;Bret;Lamy;blamy3d@tmall.com;Male
123;Addie;Brixey;abrixey3e@pbs.org;Female
124;Killian;Moggan;kmoggan3f@earthlink.net;Male
125;Bram;Hove;bhove3g@spotify.com;Male
126;Gale;Priter;gpriter3h@studiopress.com;Female
127;Boigie;Roddy;broddy3i@sina.com.cn;Male
128;Adan;Matashkin;amatashkin3j@timesonline.co.uk;Male
129;Beau;Pickburn;bpickburn3k@phpbb.com;Male
130;Rubi;McKinney;rmckinney3l@simplemachines.org;Female
131;Morganne;Martyntsev;mmartyntsev3m@yelp.com;Female
132;Gerardo;Faich;gfaich3n@etsy.com;Male
133;Michal;MacClancey;mmacclancey3o@t.co;Male
134;Claiborn;Klaff;cklaff3p@google.co.jp;Male
135;Nicola;Roth;nroth3q@sbwire.com;Male
136;Marsh;Paulisch;mpaulisch3r@unc.edu;Male
137;Pasquale;Fullerton;pfullerton3s@scribd.com;Male
138;Forrester;Chaffey;fchaffey3t@4shared.com;Male
139;Muriel;Fanning;mfanning3u@ted.com;Female
140;Clea;Rous;crous3v@whitehouse.gov;Female
141;Malvina;Mickelwright;mmickelwright3w@tumblr.com;Female
142;Ofelia;Franca;ofranca3x@reverbnation.com;Female
143;Toby;Dearnley;tdearnley3y@nyu.edu;Female
144;Chancey;Kener;ckener3z@newsvine.com;Male
145;Melvyn;Trewinnard;mtrewinnard40@ehow.com;Male
146;Averell;Reside;areside41@google.fr;Male
147;Lemmie;Kohter;lkohter42@jigsy.com;Bigender
148;Sandy;Marjanski;smarjanski43@utexas.edu;Male
149;Julianna;Garrard;jgarrard44@nyu.edu;Bigender
150;Gerri;Mc Gorley;gmcgorley45@simplemachines.org;Male
151;Cinnamon;Tomley;ctomley46@toplist.cz;Female
152;Wendie;Manthroppe;wmanthroppe47@admin.ch;Female
153;Angeline;Rumble;arumble48@chicagotribune.com;Female
154;Morie;Sherborne;msherborne49@blog.com;Male
155;Harcourt;Leist;hleist4a@globo.com;Male
156;Alexia;De Blasiis;adeblasiis4b@yellowbook.com;Female
157;Stillmann;Spencley;sspencley4c@twitter.com;Male
158;Ileana;Cornilleau;icornilleau4d@google.fr;Female
159;Cart;Nevin;cnevin4e@chronoengine.com;Male
160;Killie;Drife;kdrife4f@wikimedia.org;Bigender
161;Cordell;Morrad;cmorrad4g@ehow.com;Male
162;Arliene;McCloch;amccloch4h@delicious.com;Female
163;Melania;Axtens;maxtens4i@washington.edu;Female
164;Yevette;Mushett;ymushett4j@loc.gov;Female
165;Karisa;Brekonridge;kbrekonridge4k@unesco.org;Female
166;Demetris;Agates;dagates4l@ameblo.jp;Female
167;Sylvia;Woodman;swoodman4m@ca.gov;Female
168;Dannel;Yuryev;dyuryev4n@apache.org;Male
169;Lana;Groombridge;lgroombridge4o@wufoo.com;Female
170;Nicko;Sorensen;nsorensen4p@amazon.co.jp;Male
171;Stacey;Pietrzak;spietrzak4q@toplist.cz;Female
172;Berti;Couche;bcouche4r@redcross.org;Male
173;Vikky;Gounin;vgounin4s@netscape.com;Female
174;Stuart;Rickhuss;srickhuss4t@unc.edu;Male
175;Ginny;Checkley;gcheckley4u@typepad.com;Female
176;Mag;Guerrieri;mguerrieri4v@imgur.com;Female
177;Fiona;Pow;fpow4w@cmu.edu;Female
178;Thatch;Borlease;tborlease4x@bravesites.com;Male
179;Burtie;Woosnam;bwoosnam4y@paypal.com;Male
180;Emylee;Grabiec;egrabiec4z@guardian.co.uk;Female
181;Vanna;Simonsen;vsimonsen50@dagondesign.com;Female
182;Giorgia;Dreossi;gdreossi51@vk.com;Female
183;Fee;Greensite;fgreensite52@harvard.edu;Male
184;Madelene;Hall;mhall53@apache.org;Female
185;Ariela;Peron;aperon54@google.co.uk;Bigender
186;Onida;Belvard;obelvard55@ucsd.edu;Female
187;Bridgette;Laver;blaver56@cam.ac.uk;Female
188;Adams;Wyss;awyss57@yandex.ru;Male
189;Obie;Lockier;olockier58@arizona.edu;Male
190;Yorke;Lonnon;ylonnon59@typepad.com;Male
191;Garrik;Benka;gbenka5a@bandcamp.com;Male
192;Leupold;De Ruggero;lderuggero5b@bing.com;Male
193;Mechelle;Tynan;mtynan5c@blogger.com;Female
194;Tammie;Fullstone;tfullstone5d@devhub.com;Male
195;Avigdor;Zanetto;azanetto5e@goo.ne.jp;Male
196;Renard;Mutch;rmutch5f@sphinn.com;Male
197;Rafaello;Avory;ravory5g@mashable.com;Male
198;Ernest;Dahlen;edahlen5h@pcworld.com;Male
199;Franzen;Nurden;fnurden5i@blogs.com;Male
200;Merissa;Linsay;mlinsay5j@bloomberg.com;Female
201;Adair;Stellman;astellman5k@netlog.com;Male
202;Launce;Curedell;lcuredell5l@google.co.uk;Male
203;Tildy;Duxbury;tduxbury5m@npr.org;Female
204;Kareem;Schiefersten;kschiefersten5n@nps.gov;Non-binary
205;Loree;Hindsberg;lhindsberg5o@google.co.uk;Genderqueer
206;Harmony;Zack;hzack5p@phpbb.com;Female
207;Brandea;Catlette;bcatlette5q@is.gd;Female
208;Joseito;Pescott;jpescott5r@taobao.com;Male
209;Corabel;Shorland;cshorland5s@mozilla.com;Female
210;Forest;Tritton;ftritton5t@issuu.com;Male
211;Carolann;Gloucester;cgloucester5u@aol.com;Female
212;Cori;Bulward;cbulward5v@geocities.jp;Male
213;Jason;Cosson;jcosson5w@archive.org;Male
214;Zacharia;Hopkyns;zhopkyns5x@infoseek.co.jp;Male
215;Giacobo;Halwell;ghalwell5y@bizjournals.com;Male
216;Murielle;Blazewicz;mblazewicz5z@economist.com;Female
217;Pennie;Bleue;pbleue60@alibaba.com;Male
218;Bianca;Lante;blante61@google.ru;Female
219;Blanca;Mattingson;bmattingson62@narod.ru;Female
220;Selia;Yakunikov;syakunikov63@umich.edu;Female
221;Corrie;Romanin;cromanin64@domainmarket.com;Male
222;Langsdon;MacCurlye;lmaccurlye65@wix.com;Male
223;Corilla;Frankland;cfrankland66@accuweather.com;Agender
224;Aldis;Mattevi;amattevi67@paypal.com;Male
225;Merrile;Gladdish;mgladdish68@rediff.com;Female
226;Rita;Barensen;rbarensen69@tmall.com;Female
227;Danna;De Meis;ddemeis6a@berkeley.edu;Female
228;Becki;Fantin;bfantin6b@wsj.com;Female
229;Karlene;Ditter;kditter6c@tiny.cc;Female
230;Adlai;Fifield;afifield6d@lycos.com;Male
231;Immanuel;Inchan;iinchan6e@sitemeter.com;Male
232;Ulrica;Coventry;ucoventry6f@globo.com;Female
233;Briant;Meffen;bmeffen6g@slashdot.org;Male
234;Kate;Yeo;kyeo6h@dagondesign.com;Female
235;Sharl;Swaysland;sswaysland6i@japanpost.jp;Female
236;Isis;Twittey;itwittey6j@bbb.org;Female
237;Virginia;Beazey;vbeazey6k@liveinternet.ru;Bigender
238;Albertine;Flude;aflude6l@wikipedia.org;Female
239;Britney;Skett;bskett6m@friendfeed.com;Female
240;Hodge;Firbank;hfirbank6n@studiopress.com;Male
241;Felicdad;Jost;fjost6o@reverbnation.com;Female
242;Lucinda;Shurlock;lshurlock6p@cnn.com;Female
243;Candida;Skoggins;cskoggins6q@free.fr;Female
244;Orel;Cordner;ocordner6r@bloomberg.com;Female
245;Page;Collister;pcollister6s@vk.com;Female
246;Grantham;Otteridge;gotteridge6t@deliciousdays.com;Male
247;Prescott;Hinsch;phinsch6u@plala.or.jp;Male
248;Nessie;Di Lucia;ndilucia6v@seattletimes.com;Female
249;Lynnell;Weall;lweall6w@ibm.com;Female
250;Morna;Sahlstrom;msahlstrom6x@joomla.org;Female
251;Armstrong;Winspeare;awinspeare6y@cpanel.net;Male
252;Bevon;McCrackan;bmccrackan6z@blogtalkradio.com;Male
253;Gwen;Dussy;gdussy70@loc.gov;Female
254;Heddie;Dorricott;hdorricott71@nydailynews.com;Female
255;Forest;Otham;fotham72@japanpost.jp;Male
256;Alfie;Stubbs;astubbs73@kickstarter.com;Genderfluid
257;Isacco;Keatch;ikeatch74@aboutads.info;Male
258;Bettine;Stoeckle;bstoeckle75@tripadvisor.com;Female
259;Moyna;Wrathall;mwrathall76@elpais.com;Female
260;Roley;Geggie;rgeggie77@sina.com.cn;Male
261;Pren;McGeown;pmcgeown78@tinyurl.com;Male
262;Deana;Bonder;dbonder79@comsenz.com;Female
263;Leanora;Scanes;lscanes7a@barnesandnoble.com;Female
264;Biddie;McGeown;bmcgeown7b@purevolume.com;Female
265;Gabby;Bliven;gbliven7c@ycombinator.com;Male
266;Dacie;Croysdale;dcroysdale7d@stumbleupon.com;Female
267;Erick;Toft;etoft7e@adobe.com;Male
268;Bale;Legrice;blegrice7f@behance.net;Male
269;Corrianne;Fenn;cfenn7g@tripod.com;Female
270;Igor;Grievson;igrievson7h@jigsy.com;Male
271;Lay;Clemenzo;lclemenzo7i@guardian.co.uk;Male
272;Sonnie;Belsher;sbelsher7j@dedecms.com;Male
273;Latia;Dovidian;ldovidian7k@ox.ac.uk;Female
274;Chrissy;Ruf;cruf7l@google.com;Female
275;Dominic;Dillaway;ddillaway7m@digg.com;Bigender
276;Meier;Readwood;mreadwood7n@yolasite.com;Male
277;Jenica;Probert;jprobert7o@tinyurl.com;Female
278;Borden;Willcock;bwillcock7p@mashable.com;Male
279;Wake;MacNally;wmacnally7q@hc360.com;Male
280;Noreen;Allsopp;nallsopp7r@alibaba.com;Female
281;Nil;Inworth;ninworth7s@instagram.com;Male
282;Zachariah;Banbridge;zbanbridge7t@cbsnews.com;Male
283;Sylvester;Sobtka;ssobtka7u@artisteer.com;Male
284;Porter;Bomfield;pbomfield7v@arstechnica.com;Male
285;Mildred;Jodlkowski;mjodlkowski7w@europa.eu;Bigender
286;Michale;Powe;mpowe7x@sina.com.cn;Male
287;Sherrie;McCloud;smccloud7y@mac.com;Female
288;Wilona;Burrass;wburrass7z@redcross.org;Female
289;Almeda;Chappel;achappel80@fastcompany.com;Female
290;Ingra;Utley;iutley81@usgs.gov;Male
291;Bethena;Millar;bmillar82@weebly.com;Female
292;Doro;Piris;dpiris83@state.tx.us;Female
293;Clerissa;Arundale;carundale84@themeforest.net;Bigender
294;Auroora;Bril;abril85@sitemeter.com;Female
295;Travus;Dubose;tdubose86@shinystat.com;Male
296;Theo;Silverwood;tsilverwood87@twitter.com;Genderqueer
297;Petr;Keningham;pkeningham88@toplist.cz;Male
298;Babbie;Blacksland;bblacksland89@wired.com;Female
299;Bone;Gilfether;bgilfether8a@sitemeter.com;Male
300;Ly;Lipson;llipson8b@ed.gov;Male
301;Darrel;Brotherhood;dbrotherhood8c@delicious.com;Male
302;Billie;Spera;bspera8d@psu.edu;Male
303;Grover;Cowles;gcowles8e@harvard.edu;Male
304;Dorothee;Snalom;dsnalom8f@huffingtonpost.com;Female
305;Huntlee;Larmour;hlarmour8g@dagondesign.com;Male
306;Loralyn;Ruby;lruby8h@ebay.com;Female
307;Karla;Pengilly;kpengilly8i@indiegogo.com;Female
308;Cristi;Lebreton;clebreton8j@bbc.co.uk;Female
309;Clerc;Viall;cviall8k@mashable.com;Male
310;Griz;Masserel;gmasserel8l@i2i.jp;Male
311;Orion;Hardingham;ohardingham8m@hexun.com;Male
312;Napoleon;Kemmish;nkemmish8n@amazon.com;Male
313;Brigit;Meffen;bmeffen8o@biblegateway.com;Female
314;Michelle;Gussin;mgussin8p@bravesites.com;Bigender
315;Winfred;Pettiford;wpettiford8q@uiuc.edu;Male
316;Ryon;Osband;rosband8r@list-manage.com;Male
317;Gannon;Tomsett;gtomsett8s@liveinternet.ru;Male
318;Gussie;Mosconi;gmosconi8t@home.pl;Female
319;Gaven;Aristide;garistide8u@spiegel.de;Male
320;Townsend;Joliffe;tjoliffe8v@wikispaces.com;Male
321;Jenilee;Naile;jnaile8w@cpanel.net;Female
322;Romonda;Ielden;rielden8x@surveymonkey.com;Female
323;Debee;Tomkin;dtomkin8y@livejournal.com;Agender
324;Gene;Plover;gplover8z@elpais.com;Agender
325;Pegeen;Whimp;pwhimp90@bravesites.com;Female
326;Darn;Duckham;dduckham91@japanpost.jp;Male
327;Jeremiah;Cowherd;jcowherd92@sohu.com;Male
328;Vinny;Cradey;vcradey93@histats.com;Female
329;Solomon;Peaurt;speaurt94@cafepress.com;Male
330;Baxie;Wilcinskis;bwilcinskis95@nytimes.com;Male
331;Dene;Masdon;dmasdon96@berkeley.edu;Male
332;Polly;Ormston;pormston97@naver.com;Polygender
333;Dorri;Skelding;dskelding98@miitbeian.gov.cn;Female
334;Dorena;Bowhay;dbowhay99@naver.com;Female
335;Alida;Quantrill;aquantrill9a@ameblo.jp;Female
336;Quinn;Macquire;qmacquire9b@dedecms.com;Female
337;See;Eborall;seborall9c@elegantthemes.com;Male
338;Freedman;Shellshear;fshellshear9d@state.tx.us;Male
339;Ugo;Muscat;umuscat9e@alexa.com;Male
340;Waverley;Wessing;wwessing9f@gravatar.com;Male
341;Ingunna;Danelut;idanelut9g@intel.com;Agender
342;Guilbert;Grigs;ggrigs9h@jimdo.com;Male
343;Gawen;Bambrugh;gbambrugh9i@list-manage.com;Male
344;Joe;Snooks;jsnooks9j@springer.com;Male
345;Siegfried;Caukill;scaukill9k@tumblr.com;Male
346;Thomasina;Lethebridge;tlethebridge9l@chronoengine.com;Female
347;Lesli;Haggarty;lhaggarty9m@jigsy.com;Female
348;Stefanie;Bunny;sbunny9n@zdnet.com;Female
349;Husain;Sturch;hsturch9o@blog.com;Male
350;Salomi;McGerraghty;smcgerraghty9p@elpais.com;Non-binary
351;Salmon;Jagger;sjagger9q@123-reg.co.uk;Male
352;Malchy;Gorgl;mgorgl9r@mapquest.com;Male
353;Oswald;Points;opoints9s@nhs.uk;Male
354;Gabrielle;Berkley;gberkley9t@photobucket.com;Female
355;Justis;Hurlin;jhurlin9u@state.gov;Male
356;Borden;Cavan;bcavan9v@multiply.com;Male
357;Nicola;Verdun;nverdun9w@wordpress.org;Female
358;Lynn;Kaygill;lkaygill9x@nature.com;Male
359;Winnie;Hallor;whallor9y@scribd.com;Male
360;Robbyn;Paley;rpaley9z@shop-pro.jp;Female
361;Sibley;O'Doghesty;sodoghestya0@webeden.co.uk;Female
362;Emmery;Clausewitz;eclausewitza1@archive.org;Male
363;Debee;Kingaby;dkingabya2@flavors.me;Bigender
364;Anjanette;Dries;adriesa3@prnewswire.com;Female
365;Alena;Bushill;abushilla4@pinterest.com;Female
366;Matthias;Goodlet;mgoodleta5@jiathis.com;Male
367;Clim;Curtayne;ccurtaynea6@walmart.com;Male
368;Omar;Wakerley;owakerleya7@ihg.com;Male
369;Helyn;Parken;hparkena8@google.es;Female
370;Tess;Farron;tfarrona9@soup.io;Female
371;Constantine;Bramall;cbramallaa@shutterfly.com;Female
372;Candace;Fosh;cfoshab@behance.net;Female
373;Ruthann;Tither;rtitherac@state.gov;Non-binary
374;Bertrando;Garfirth;bgarfirthad@walmart.com;Male
375;Hewett;McGovern;hmcgovernae@prlog.org;Male
376;Marion;Arnson;marnsonaf@twitter.com;Female
377;Hodge;Woodruffe;hwoodruffeag@nps.gov;Male
378;Lazaro;Pringuer;lpringuerah@discovery.com;Male
379;Jesus;McKinnon;jmckinnonai@narod.ru;Male
380;Lorna;Kendell;lkendellaj@ezinearticles.com;Female
381;Jayme;Bowser;jbowserak@paginegialle.it;Male
382;Corrine;Tombleson;ctomblesonal@webmd.com;Genderqueer
383;Lorenza;MacLaren;lmaclarenam@sciencedaily.com;Female
384;Carin;Goodreid;cgoodreidan@cornell.edu;Female
385;Carmita;Rawll;crawllao@instagram.com;Female
386;Hedy;Gout;hgoutap@mtv.com;Female
387;Carolin;Billitteri;cbillitteriaq@hp.com;Female
388;Andriana;Sterricks;asterricksar@lycos.com;Female
389;Berkie;Shoard;bshoardas@1und1.de;Male
390;Jethro;Bryan;jbryanat@wikia.com;Male
391;Balduin;Leadbeater;bleadbeaterau@typepad.com;Male
392;Nevins;Udey;nudeyav@go.com;Male
393;Reginald;Burless;rburlessaw@netscape.com;Male
394;Lulita;O'Calleran;localleranax@tmall.com;Female
395;Doy;Henner;dhenneray@businessweek.com;Male
396;Andros;Vezey;avezeyaz@infoseek.co.jp;Male
397;Ed;Hawyes;ehawyesb0@last.fm;Male
398;Beverlie;Scotford;bscotfordb1@ow.ly;Female
399;Reade;Selbach;rselbachb2@php.net;Male
400;Kalli;Clapston;kclapstonb3@comcast.net;Female
401;Vic;McIlhatton;vmcilhattonb4@wired.com;Male
402;Tansy;Tevelov;ttevelovb5@etsy.com;Female
403;Claiborne;Heskins;cheskinsb6@about.com;Male
404;Hewitt;Ebourne;hebourneb7@acquirethisname.com;Male
405;Carolee;Giacopazzi;cgiacopazzib8@thetimes.co.uk;Female
406;Natalie;Reinisch;nreinischb9@unc.edu;Female
407;Robinet;Siddell;rsiddellba@xrea.com;Male
408;Aviva;Prest;aprestbb@cdc.gov;Female
409;Orren;Gillard;ogillardbc@delicious.com;Male
410;Leslie;Kewley;lkewleybd@mozilla.org;Male
411;Christoper;Anyon;canyonbe@meetup.com;Male
412;Nessie;Duro;ndurobf@theguardian.com;Female
413;Frederica;Rutland;frutlandbg@springer.com;Female
414;Lurette;Argente;largentebh@trellian.com;Polygender
415;Erv;Godbold;egodboldbi@usgs.gov;Male
416;Olvan;Brobeck;obrobeckbj@opera.com;Male
417;Pembroke;Cassidy;pcassidybk@technorati.com;Male
418;Allyce;Djuricic;adjuricicbl@tinyurl.com;Female
419;Inesita;Balsdone;ibalsdonebm@issuu.com;Female
420;Brett;Sisson;bsissonbn@jalbum.net;Male
421;Umeko;Abbison;uabbisonbo@parallels.com;Female
422;Orlando;Campanelli;ocampanellibp@usatoday.com;Male
423;Lammond;Sinderland;lsinderlandbq@accuweather.com;Male
424;Clay;Rawll;crawllbr@nytimes.com;Male
425;Homer;Langmaid;hlangmaidbs@psu.edu;Male
426;Pamelina;Doddridge;pdoddridgebt@tmall.com;Genderqueer
427;Jeanine;Well;jwellbu@slashdot.org;Female
428;Marybelle;Yakovliv;myakovlivbv@1und1.de;Female
429;Kira;Genthner;kgenthnerbw@phoca.cz;Female
430;Kacie;Lingner;klingnerbx@a8.net;Female
431;Nora;Ratke;nratkeby@europa.eu;Female
432;Edgardo;Tantrum;etantrumbz@globo.com;Male
433;Susi;Parsell;sparsellc0@opera.com;Female
434;Constantino;Gaudin;cgaudinc1@psu.edu;Male
435;Averell;Minocchi;aminocchic2@ehow.com;Male
436;Riobard;Kingcote;rkingcotec3@w3.org;Male
437;Brinn;Lowensohn;blowensohnc4@springer.com;Female
438;Livvy;Minghi;lminghic5@va.gov;Female
439;Cody;Clingan;cclinganc6@sphinn.com;Male
440;Basile;Catlette;bcatlettec7@theatlantic.com;Male
441;Rodolph;Tarborn;rtarbornc8@reference.com;Genderfluid
442;Carmen;Teese;cteesec9@yale.edu;Female
443;Monica;Skoggins;mskogginsca@thetimes.co.uk;Female
444;Coretta;Dripps;cdrippscb@paginegialle.it;Female
445;Bessie;Sterzaker;bsterzakercc@hp.com;Female
446;Maryanna;Creddon;mcreddoncd@dyndns.org;Female
447;Henriette;Blaik;hblaikce@about.com;Female
448;Mahmud;Iowarch;miowarchcf@nature.com;Male
449;Frankie;Exley;fexleycg@alibaba.com;Male
450;Lisabeth;Gadie;lgadiech@about.com;Female
451;Torre;Kippin;tkippinci@wired.com;Male
452;Rosita;Vowell;rvowellcj@opensource.org;Female
453;Rayner;Scutt;rscuttck@ucoz.com;Male
454;Inna;Emslie;iemsliecl@webs.com;Female
455;Cathryn;Cremin;ccremincm@paypal.com;Female
456;Luis;Paris;lpariscn@dedecms.com;Male
457;Dasi;Strase;dstraseco@twitter.com;Female
458;Flory;Johnikin;fjohnikincp@businesswire.com;Female
459;Chancey;Laurenceau;claurenceaucq@examiner.com;Male
460;Dill;Pidgin;dpidgincr@edublogs.org;Male
461;Reginauld;Rogger;rroggercs@tinypic.com;Male
462;Sherye;Altham;salthamct@symantec.com;Female
463;Aurea;Burnside;aburnsidecu@opera.com;Female
464;Dori;Iorns;diornscv@photobucket.com;Female
465;Ealasaid;Coye;ecoyecw@163.com;Female
466;Tove;Samme;tsammecx@t.co;Female
467;Franchot;Stuck;fstuckcy@tinypic.com;Male
468;Juline;Drable;jdrablecz@illinois.edu;Female
469;Lilli;Sharplin;lsharplind0@telegraph.co.uk;Female
470;Cosimo;Gutierrez;cgutierrezd1@imgur.com;Male
471;Milli;Garlick;mgarlickd2@arstechnica.com;Female
472;Derk;Tappington;dtappingtond3@google.es;Male
473;Zaccaria;Haggidon;zhaggidond4@huffingtonpost.com;Male
474;Teena;Kruschev;tkruschevd5@ucoz.com;Female
475;Salmon;Hylden;shyldend6@so-net.ne.jp;Genderfluid
476;Jaclyn;Blewis;jblewisd7@va.gov;Female
477;Selina;Blaxter;sblaxterd8@constantcontact.com;Female
478;Susannah;Streatley;sstreatleyd9@e-recht24.de;Female
479;Brendon;Faustian;bfaustianda@msu.edu;Male
480;Paulie;Youhill;pyouhilldb@yandex.ru;Polygender
481;Thomasa;Radage;tradagedc@gmpg.org;Female
482;Goldina;Goullee;ggoulleedd@wikimedia.org;Female
483;Olimpia;Duligall;oduligallde@prweb.com;Female
484;Brook;Olenchenko;bolenchenkodf@indiatimes.com;Female
485;Miquela;Simonnet;msimonnetdg@eepurl.com;Female
486;Britni;Perring;bperringdh@trellian.com;Female
487;Templeton;Bewley;tbewleydi@myspace.com;Male
488;Harwell;Cameli;hcamelidj@reference.com;Male
489;Julius;Bussell;jbusselldk@about.com;Male
490;Beverie;MacCumiskey;bmaccumiskeydl@sitemeter.com;Female
491;Arvy;Hover;ahoverdm@twitpic.com;Male
492;Deidre;Backe;dbackedn@thetimes.co.uk;Female
493;Archibold;Lovekin;alovekindo@wikimedia.org;Male
494;Simonette;Guest;sguestdp@ycombinator.com;Female
495;Farleigh;Greenstock;fgreenstockdq@shutterfly.com;Male
496;Harriot;Kersting;hkerstingdr@i2i.jp;Female
497;Fidel;Fife;ffifeds@cdc.gov;Male
498;Wanids;Stoney;wstoneydt@fema.gov;Female
499;Coral;Kinchin;ckinchindu@europa.eu;Female
500;Burty;Boots;bbootsdv@apple.com;Male
501;Jacquenette;Stoltz;jstoltzdw@vistaprint.com;Female
502;Derril;Cleft;dcleftdx@google.fr;Male
503;Corry;Brehault;cbrehaultdy@blog.com;Female
504;Albie;Drover;adroverdz@eepurl.com;Male
505;Janith;Swadlin;jswadline0@engadget.com;Female
506;Brandy;Duckerin;bduckerine1@blogspot.com;Female
507;Cazzie;Puckett;cpuckette2@ezinearticles.com;Male
508;Kara;Deluze;kdeluzee3@cbc.ca;Female
509;Willette;Doornbos;wdoornbose4@umn.edu;Female
510;Genny;Culham;gculhame5@google.ca;Female
511;Hurleigh;Espadero;hespaderoe6@vimeo.com;Male
512;Torry;Entwisle;tentwislee7@yandex.ru;Male
513;Bronny;De Carlo;bdecarloe8@google.pl;Agender
514;Tanny;Eadmeads;teadmeadse9@mlb.com;Male
515;Tamar;Larne;tlarneea@t-online.de;Bigender
516;Dannie;Bullan;dbullaneb@angelfire.com;Female
517;Joshua;Lyddyard;jlyddyardec@storify.com;Male
518;Tomi;Howel;thoweled@constantcontact.com;Non-binary
519;Rafi;Puckham;rpuckhamee@ask.com;Male
520;Josias;Saladino;jsaladinoef@techcrunch.com;Male
521;Marianne;Kimmitt;mkimmitteg@g.co;Female
522;Rex;Saich;rsaicheh@pinterest.com;Male
523;Babbette;Ybarra;bybarraei@vkontakte.ru;Female
524;Stephani;Ody;sodyej@domainmarket.com;Female
525;Michell;Burdge;mburdgeek@cisco.com;Female
526;Osmond;Smithend;osmithendel@google.com.hk;Male
527;Odessa;Volett;ovolettem@gov.uk;Female
528;Zorah;Capper;zcapperen@businesswire.com;Female
529;Tobie;Kittley;tkittleyeo@newsvine.com;Male
530;Raoul;Everly;reverlyep@cdc.gov;Male
531;Kiele;Eveleigh;keveleigheq@merriam-webster.com;Female
532;Selby;Kingerby;skingerbyer@twitpic.com;Male
533;Robin;Vanyukov;rvanyukoves@fda.gov;Female
534;Gerard;Caldroni;gcaldroniet@shutterfly.com;Male
535;Jena;Gloster;jglostereu@state.tx.us;Female
536;Lilli;Halgarth;lhalgarthev@wikimedia.org;Female
537;Trudie;Crookshanks;tcrookshanksew@diigo.com;Female
538;Myrle;Besant;mbesantex@trellian.com;Female
539;Cheston;Cauderlie;ccauderlieey@dagondesign.com;Non-binary
540;Dexter;Hursthouse;dhursthouseez@chicagotribune.com;Male
541;Carine;Cullity;ccullityf0@sbwire.com;Bigender
542;Darwin;Passman;dpassmanf1@bloglovin.com;Male
543;Goraud;Struan;gstruanf2@bloomberg.com;Male
544;Fairfax;Bestiman;fbestimanf3@weather.com;Male
545;Patsy;Jelphs;pjelphsf4@elegantthemes.com;Female
546;Fred;Lovat;flovatf5@multiply.com;Polygender
547;Donella;Marwick;dmarwickf6@amazon.co.jp;Female
548;Chauncey;Carhart;ccarhartf7@qq.com;Male
549;Sheilakathryn;Honywill;shonywillf8@usnews.com;Genderfluid
550;Oren;Kettles;okettlesf9@infoseek.co.jp;Male
551;Arni;Caldera;acalderafa@aboutads.info;Male
552;Redford;Donwell;rdonwellfb@bigcartel.com;Polygender
553;Morley;Grizard;mgrizardfc@examiner.com;Male
554;Shoshana;Lismore;slismorefd@goo.gl;Female
555;Giles;Eallis;geallisfe@so-net.ne.jp;Agender
556;Sibel;Bolland;sbollandff@cbc.ca;Female
557;Elvin;Overstone;eoverstonefg@shinystat.com;Male
558;Terrye;Twiname;ttwinamefh@github.io;Female
559;Christina;Scullion;cscullionfi@adobe.com;Female
560;Sharity;Chittey;schitteyfj@storify.com;Female
561;Finn;Hiscocks;fhiscocksfk@jimdo.com;Non-binary
562;Bridget;Chelley;bchelleyfl@businessweek.com;Female
563;Chrotoem;Haselwood;chaselwoodfm@etsy.com;Male
564;Deirdre;Diment;ddimentfn@wordpress.com;Female
565;Lionello;Wimpenny;lwimpennyfo@edublogs.org;Male
566;Rhianna;Thynne;rthynnefp@tinyurl.com;Female
567;Allsun;Truswell;atruswellfq@yolasite.com;Female
568;Camile;Whitelock;cwhitelockfr@washingtonpost.com;Female
569;Cale;Goodge;cgoodgefs@seattletimes.com;Male
570;Janifer;Cummins;jcumminsft@ebay.co.uk;Female
571;Stephen;Ralestone;sralestonefu@virginia.edu;Male
572;Sherlocke;Igo;sigofv@army.mil;Male
573;Woodrow;Crouse;wcrousefw@printfriendly.com;Male
574;Xever;McRinn;xmcrinnfx@nba.com;Male
575;Rafferty;Lindl;rlindlfy@howstuffworks.com;Male
576;Arte;Forte;afortefz@tmall.com;Male
577;Anestassia;McTeague;amcteagueg0@tinypic.com;Female
578;Theresina;Spieck;tspieckg1@jigsy.com;Female
579;Payton;Congram;pcongramg2@edublogs.org;Male
580;Tirrell;McKellen;tmckelleng3@alexa.com;Male
581;Cayla;Abramovic;cabramovicg4@admin.ch;Female
582;Briggs;Sinson;bsinsong5@desdev.cn;Male
583;Tony;Courtliff;tcourtliffg6@goo.ne.jp;Male
584;Heall;Baumert;hbaumertg7@constantcontact.com;Male
585;Rasla;Maddrah;rmaddrahg8@prweb.com;Female
586;Marcile;Corhard;mcorhardg9@php.net;Female
587;Kimbell;Cossar;kcossarga@blogger.com;Male
588;Stephenie;Polfer;spolfergb@patch.com;Female
589;Stephani;Kofax;skofaxgc@pbs.org;Genderfluid
590;Vevay;Patience;vpatiencegd@google.com.br;Female
591;Ara;Blackesland;ablackeslandge@blogs.com;Male
592;Leontyne;Sadd;lsaddgf@intel.com;Polygender
593;Cullie;Venney;cvenneygg@tamu.edu;Male
594;Templeton;Halbord;thalbordgh@utexas.edu;Male
595;Emelita;Crumly;ecrumlygi@webnode.com;Female
596;Nicolais;Snoday;nsnodaygj@networkadvertising.org;Male
597;Xerxes;Dreng;xdrenggk@apache.org;Male
598;Levi;Barrie;lbarriegl@globo.com;Male
599;Kenneth;Bointon;kbointongm@shareasale.com;Bigender
600;Lorain;Pinck;lpinckgn@youtube.com;Female
601;Aldus;Mebes;amebesgo@spotify.com;Male
602;Janeczka;Goodhay;jgoodhaygp@xinhuanet.com;Female
603;Coraline;Pargiter;cpargitergq@businessinsider.com;Female
604;Husein;Anthill;hanthillgr@sohu.com;Male
605;Malcolm;Ree;mreegs@umich.edu;Male
606;Deana;Thorowgood;dthorowgoodgt@godaddy.com;Female
607;Mirilla;Menendes;mmenendesgu@cargocollective.com;Female
608;Sibelle;Busst;sbusstgv@si.edu;Female
609;Halette;Tumilson;htumilsongw@apple.com;Female
610;Vitia;McShane;vmcshanegx@tripod.com;Female
611;Kat;Manterfield;kmanterfieldgy@mapy.cz;Female
612;Chip;Reubbens;creubbensgz@guardian.co.uk;Male
613;Carly;Earengey;cearengeyh0@webmd.com;Male
614;Aldo;Douglas;adouglash1@usda.gov;Male
615;Vannie;Bastow;vbastowh2@mit.edu;Female
616;Gabriello;Garvagh;ggarvaghh3@ning.com;Male
617;Berri;Fasson;bfassonh4@miibeian.gov.cn;Female
618;Inez;Trevor;itrevorh5@biblegateway.com;Female
619;Flynn;Leavy;fleavyh6@dailymail.co.uk;Male
620;Standford;Allwell;sallwellh7@cdc.gov;Male
621;Theda;Siburn;tsiburnh8@bloomberg.com;Female
622;Riobard;Blesing;rblesingh9@dmoz.org;Genderfluid
623;Nikaniki;Balden;nbaldenha@vkontakte.ru;Female
624;Grier;Bhar;gbharhb@scribd.com;Polygender
625;Felita;Brumble;fbrumblehc@google.com.au;Female
626;Donnell;Milsap;dmilsaphd@mozilla.com;Male
627;Boyce;Vahey;bvaheyhe@bigcartel.com;Male
628;Codie;Lunk;clunkhf@mozilla.org;Female
629;Neils;Waleworke;nwaleworkehg@ca.gov;Male
630;Daloris;Berrington;dberringtonhh@wikipedia.org;Female
631;Issi;Spera;isperahi@nydailynews.com;Female
632;Sauncho;Pethrick;spethrickhj@hexun.com;Male
633;Abigael;Peggs;apeggshk@mapy.cz;Female
634;Moishe;Donaldson;mdonaldsonhl@dmoz.org;Male
635;Laurie;Kinnett;lkinnetthm@newyorker.com;Male
636;Idalia;Gauge;igaugehn@goodreads.com;Female
637;Tomkin;Veneur;tveneurho@admin.ch;Male
638;Leighton;Weatherhead;lweatherheadhp@epa.gov;Male
639;Nicolai;Blaza;nblazahq@springer.com;Male
640;Vivianne;Brastead;vbrasteadhr@house.gov;Female
641;Obadias;Malone;omalonehs@vinaora.com;Male
642;Mickie;Bliven;mblivenht@cornell.edu;Agender
643;Traver;Gunbie;tgunbiehu@nytimes.com;Male
644;Ezechiel;Rosellini;erosellinihv@4shared.com;Male
645;Hugibert;Hennington;hhenningtonhw@barnesandnoble.com;Male
646;Edd;Matura;ematurahx@cnet.com;Male
647;Broddie;Adamovicz;badamoviczhy@craigslist.org;Male
648;Doralia;Francesc;dfranceschz@fda.gov;Female
649;Hiram;Parkins;hparkinsi0@list-manage.com;Male
650;Valerie;Glassopp;vglassoppi1@reuters.com;Female
651;Kore;Ormston;kormstoni2@wix.com;Female
652;Winni;Macer;wmaceri3@chron.com;Female
653;Ferd;Minthorpe;fminthorpei4@bloomberg.com;Male
654;Timi;Benkhe;tbenkhei5@youtube.com;Female
655;Rowan;Coslett;rcosletti6@free.fr;Male
656;Greggory;Berendsen;gberendseni7@histats.com;Male
657;Rosemonde;Trobe;rtrobei8@over-blog.com;Female
658;Katusha;Saltsberg;ksaltsbergi9@vkontakte.ru;Female
659;Camala;Draude;cdraudeia@soup.io;Female
660;Edy;Wisker;ewiskerib@cmu.edu;Female
661;Lilli;Probbings;lprobbingsic@zimbio.com;Female
662;Aigneis;Radclyffe;aradclyffeid@last.fm;Female
663;Kizzie;Candelin;kcandelinie@github.com;Female
664;Hedda;Culligan;hculliganif@imageshack.us;Female
665;Abel;Netherwood;anetherwoodig@free.fr;Genderqueer
666;Kissiah;Letson;kletsonih@addtoany.com;Female
667;Kirby;Saxelby;ksaxelbyii@163.com;Male
668;Brock;St Ange;bstangeij@ed.gov;Non-binary
669;Asher;Laimable;alaimableik@xrea.com;Male
670;Rutger;Girhard;rgirhardil@virginia.edu;Male
671;Christie;Stafford;cstaffordim@google.com.br;Male
672;Zena;Attkins;zattkinsin@statcounter.com;Female
673;Felicio;Scullard;fscullardio@cbc.ca;Non-binary
674;Janice;Kiloh;jkilohip@wikispaces.com;Bigender
675;Rodney;Bedinn;rbedinniq@scribd.com;Male
676;Tanner;Graveston;tgravestonir@merriam-webster.com;Male
677;Clare;Yacob;cyacobis@fotki.com;Female
678;Dyane;Dymond;ddymondit@weather.com;Female
679;Jeremias;Baggott;jbaggottiu@timesonline.co.uk;Male
680;Sibelle;Eadington;seadingtoniv@java.com;Polygender
681;Sydelle;Laurence;slaurenceiw@cornell.edu;Female
682;Brigitta;Marusyak;bmarusyakix@wired.com;Female
683;Aurilia;Suffield;asuffieldiy@bandcamp.com;Female
684;Xever;Osmond;xosmondiz@abc.net.au;Male
685;Sidonia;Griffey;sgriffeyj0@deliciousdays.com;Female
686;Cheryl;Wimbury;cwimburyj1@edublogs.org;Female
687;Sibelle;Meynell;smeynellj2@oaic.gov.au;Female
688;Cherida;MacAlpine;cmacalpinej3@blogs.com;Female
689;Kizzie;De la croix;kdelacroixj4@berkeley.edu;Female
690;Mandy;Nutton;mnuttonj5@prnewswire.com;Genderqueer
691;Brittaney;Lynn;blynnj6@virginia.edu;Female
692;Costanza;Croser;ccroserj7@yahoo.com;Female
693;Donica;Lachaize;dlachaizej8@is.gd;Female
694;Carroll;Tayloe;ctayloej9@va.gov;Non-binary
695;Waylan;Aronstam;waronstamja@cnn.com;Male
696;Sasha;Hopkins;shopkinsjb@naver.com;Female
697;Alick;Forryan;aforryanjc@salon.com;Male
698;Eve;Oldacres;eoldacresjd@privacy.gov.au;Female
699;Leonardo;Durrance;ldurranceje@timesonline.co.uk;Male
700;Hewie;Epsly;hepslyjf@microsoft.com;Male
701;William;Hazelgreave;whazelgreavejg@economist.com;Male
702;Tymon;Faloon;tfaloonjh@angelfire.com;Male
703;Morgan;Gowdy;mgowdyji@nyu.edu;Male
704;Taber;Barns;tbarnsjj@loc.gov;Male
705;Correy;Janaway;cjanawayjk@e-recht24.de;Female
706;Eddi;Bartley;ebartleyjl@thetimes.co.uk;Female
707;Marsiella;Lyard;mlyardjm@craigslist.org;Female
708;Maurizio;Fouracre;mfouracrejn@yale.edu;Male
709;Oby;Stanluck;ostanluckjo@sitemeter.com;Male
710;Nikita;Castana;ncastanajp@bigcartel.com;Male
711;Nerti;Witherbed;nwitherbedjq@xrea.com;Female
712;Zaria;Trewman;ztrewmanjr@pbs.org;Female
713;Kaine;Robatham;krobathamjs@lycos.com;Male
714;Ricard;Minard;rminardjt@mashable.com;Male
715;Farr;Walsh;fwalshju@noaa.gov;Male
716;Ainsley;Hatherell;ahatherelljv@chicagotribune.com;Non-binary
717;Jackquelin;Shorthill;jshorthilljw@prlog.org;Female
718;Abraham;Barosch;abaroschjx@virginia.edu;Male
719;Corabella;Guittet;cguittetjy@sfgate.com;Non-binary
720;Sheena;McIntee;smcinteejz@kickstarter.com;Female
721;Anatole;Sisnett;asisnettk0@edublogs.org;Male
722;Ermentrude;McCurtain;emccurtaink1@uiuc.edu;Female
723;Glen;Standidge;gstandidgek2@npr.org;Female
724;Hermione;Duthy;hduthyk3@google.ca;Female
725;Bartlett;Gerrels;bgerrelsk4@ft.com;Male
726;Shae;Ceillier;sceillierk5@wp.com;Female
727;Frants;Ellerby;fellerbyk6@wikimedia.org;Male
728;Caryl;Deamer;cdeamerk7@symantec.com;Female
729;Carilyn;Franchi;cfranchik8@vk.com;Female
730;Tanny;Duerden;tduerdenk9@wunderground.com;Male
731;Devy;O'Flaverty;doflavertyka@freewebs.com;Male
732;Nikki;Gatecliffe;ngatecliffekb@usnews.com;Male
733;Arvie;McTurk;amcturkkc@discuz.net;Male
734;Bennett;Hawford;bhawfordkd@guardian.co.uk;Male
735;Pavia;Luipold;pluipoldke@telegraph.co.uk;Female
736;Salomo;Fairbard;sfairbardkf@photobucket.com;Male
737;Kerrin;Boolsen;kboolsenkg@meetup.com;Genderqueer
738;Grissel;Housecroft;ghousecroftkh@virginia.edu;Female
739;Darrell;Amphlett;damphlettki@archive.org;Male
740;Uriah;Tregenna;utregennakj@odnoklassniki.ru;Bigender
741;Audre;Mollen;amollenkk@dion.ne.jp;Female
742;Aldwin;Firebrace;afirebracekl@addthis.com;Male
743;Tiffanie;Kramer;tkramerkm@guardian.co.uk;Female
744;Jacinda;Jemmett;jjemmettkn@ihg.com;Female
745;Lia;Orta;lortako@dmoz.org;Female
746;Nicola;Haseldine;nhaseldinekp@mapquest.com;Male
747;Porty;Worsalls;pworsallskq@xing.com;Male
748;Helene;MacNulty;hmacnultykr@unesco.org;Female
749;Chiarra;Liddon;cliddonks@addthis.com;Female
750;Kiley;Soaper;ksoaperkt@instagram.com;Male
751;Biddy;Cornock;bcornockku@narod.ru;Female
752;Darell;Nast;dnastkv@samsung.com;Female
753;Aili;Piesold;apiesoldkw@hc360.com;Female
754;Hyman;Dunks;hdunkskx@webmd.com;Genderfluid
755;Kyrstin;Breacher;kbreacherky@marketwatch.com;Female
756;Norris;Rowlands;nrowlandskz@pinterest.com;Male
757;Lynsey;Khosa;lkhosal0@cam.ac.uk;Female
758;Benjamin;Handford;bhandfordl1@multiply.com;Male
759;Bianca;Pacey;bpaceyl2@fc2.com;Female
760;Merralee;Luno;mlunol3@slideshare.net;Female
761;Geno;Cherry;gcherryl4@surveymonkey.com;Male
762;Tito;Jochen;tjochenl5@businessinsider.com;Male
763;Eddi;Hiddersley;ehiddersleyl6@springer.com;Female
764;Ingrim;Ebdin;iebdinl7@craigslist.org;Male
765;Teodorico;Dummigan;tdummiganl8@harvard.edu;Male
766;Kevina;Milmore;kmilmorel9@github.io;Female
767;Ailene;Deschelle;adeschellela@ca.gov;Female
768;Tom;Tomkowicz;ttomkowiczlb@newyorker.com;Male
769;Sarina;Wyles;swyleslc@buzzfeed.com;Female
770;Pattie;Doorey;pdooreyld@google.com.au;Female
771;Evania;Paffitt;epaffittle@census.gov;Female
772;Benjamin;Gueny;bguenylf@jiathis.com;Male
773;Georges;Tym;gtymlg@privacy.gov.au;Male
774;Matelda;Wrettum;mwrettumlh@redcross.org;Female
775;Gratiana;De Brett;gdebrettli@typepad.com;Female
776;Corine;Montel;cmontellj@xinhuanet.com;Female
777;Daveta;Smithen;dsmithenlk@slate.com;Female
778;Raymond;Seymark;rseymarkll@google.com.hk;Male
779;Violet;Matuszynski;vmatuszynskilm@wordpress.com;Polygender
780;Sheba;Plitz;splitzln@privacy.gov.au;Female
781;Clara;Navan;cnavanlo@washington.edu;Female
782;Morena;Dennerly;mdennerlylp@1688.com;Female
783;Angelique;Teresse;ateresselq@eventbrite.com;Female
784;Dyann;Ghidelli;dghidellilr@sciencedirect.com;Female
785;Kenyon;Roller;krollerls@tuttocitta.it;Male
786;Hanni;Cockayme;hcockaymelt@mapquest.com;Female
787;Laird;Haswell;lhaswelllu@shop-pro.jp;Male
788;Ruddy;Casaccio;rcasacciolv@canalblog.com;Male
789;De witt;Whittleton;dwhittletonlw@wikipedia.org;Male
790;Tabor;Rudledge;trudledgelx@google.com;Male
791;Bobbe;Shillabear;bshillabearly@webeden.co.uk;Genderfluid
792;Freddie;Bernardoni;fbernardonilz@shinystat.com;Female
793;Viviana;Laise;vlaisem0@bloomberg.com;Female
794;Vanna;Stainfield;vstainfieldm1@alibaba.com;Female
795;Dorolice;De Cleyne;ddecleynem2@4shared.com;Female
796;Aubrette;Medforth;amedforthm3@newsvine.com;Genderqueer
797;Scot;Caton;scatonm4@cocolog-nifty.com;Male
798;Eudora;Pashenkov;epashenkovm5@jugem.jp;Female
799;Anabella;Glasscoo;aglasscoom6@friendfeed.com;Female
800;Ramsay;Verbeek;rverbeekm7@studiopress.com;Male
801;Madelina;Corderoy;mcorderoym8@pagesperso-orange.fr;Bigender
802;Joya;Kaaskooper;jkaaskooperm9@techcrunch.com;Female
803;Laird;Marvin;lmarvinma@newyorker.com;Male
804;Aubree;Mielnik;amielnikmb@sohu.com;Genderfluid
805;Lynnelle;Creighton;lcreightonmc@ftc.gov;Female
806;Shea;Torrijos;storrijosmd@slideshare.net;Agender
807;Chandra;Rolles;crollesme@list-manage.com;Female
808;Vic;Astlatt;vastlattmf@cyberchimps.com;Male
809;Tarra;Pollack;tpollackmg@a8.net;Non-binary
810;Ailene;Vynall;avynallmh@last.fm;Female
811;Babbette;Dacombe;bdacombemi@psu.edu;Non-binary
812;Marj;Edess;medessmj@google.com.hk;Female
813;Lorrin;McMorran;lmcmorranmk@wsj.com;Female
814;Raimondo;Winspeare;rwinspeareml@indiegogo.com;Male
815;Kathie;Noton;knotonmm@amazon.com;Female
816;Blinni;Alldre;balldremn@newsvine.com;Female
817;Hershel;Runnicles;hrunniclesmo@sitemeter.com;Male
818;Fulvia;Genty;fgentymp@independent.co.uk;Female
819;Jemmie;Jaqueminet;jjaqueminetmq@google.cn;Female
820;Ortensia;Kunath;okunathmr@ca.gov;Female
821;Tito;Gergher;tgergherms@surveymonkey.com;Male
822;Tori;Hamlen;thamlenmt@theatlantic.com;Female
823;Dina;Lafoy;dlafoymu@nbcnews.com;Female
824;Frederick;Hollow;fhollowmv@nps.gov;Male
825;Hew;Noor;hnoormw@abc.net.au;Male
826;Malynda;Vedeniktov;mvedeniktovmx@dropbox.com;Female
827;Lindsy;Knapton;lknaptonmy@trellian.com;Female
828;Silas;Bidder;sbiddermz@netlog.com;Male
829;Kleon;Pellew;kpellewn0@umich.edu;Male
830;Lebbie;Bibey;lbibeyn1@craigslist.org;Female
831;Aron;Stickles;asticklesn2@buzzfeed.com;Male
832;Blinni;Longfellow;blongfellown3@ehow.com;Female
833;Annadiana;Marlor;amarlorn4@biblegateway.com;Female
834;Sully;Toghill;stoghilln5@simplemachines.org;Male
835;Ruby;Frame;rframen6@umich.edu;Male
836;Beauregard;Gravett;bgravettn7@yahoo.co.jp;Male
837;Teressa;Kolyagin;tkolyaginn8@gov.uk;Female
838;Viva;Mauvin;vmauvinn9@tripadvisor.com;Female
839;Audrey;Carrack;acarrackna@surveymonkey.com;Female
840;Arney;Jacob;ajacobnb@myspace.com;Male
841;Calley;Rochester;crochesternc@lycos.com;Female
842;Dix;Eixenberger;deixenbergernd@clickbank.net;Female
843;Carma;Noell;cnoellne@aol.com;Female
844;Frasco;Pimm;fpimmnf@plala.or.jp;Male
845;Ardys;Pinching;apinchingng@ibm.com;Female
846;Hamlin;Volks;hvolksnh@ifeng.com;Male
847;Cathie;Tolerton;ctolertonni@feedburner.com;Female
848;Aldridge;Carse;acarsenj@imdb.com;Male
849;Ola;Kincla;okinclank@cnbc.com;Female
850;Antonella;Colenutt;acolenuttnl@dmoz.org;Female
851;Cristal;Solway;csolwaynm@topsy.com;Female
852;Allene;Dinesen;adinesennn@washingtonpost.com;Female
853;Krishnah;Eustis;keustisno@yellowpages.com;Male
854;Tate;Caldeiro;tcaldeironp@google.pl;Female
855;Pietro;Fullwood;pfullwoodnq@printfriendly.com;Male
856;Millard;Newgrosh;mnewgroshnr@reddit.com;Male
857;Hart;Fairman;hfairmanns@phpbb.com;Male
858;Norbie;Wilber;nwilbernt@nih.gov;Male
859;Penni;O'Lyhane;polyhanenu@admin.ch;Genderfluid
860;Nero;Logg;nloggnv@baidu.com;Male
861;Giorgia;Oswick;goswicknw@php.net;Female
862;Eduardo;Morby;emorbynx@ft.com;Polygender
863;Lolly;Desvignes;ldesvignesny@nydailynews.com;Female
864;Ethel;Logue;eloguenz@latimes.com;Female
865;Towney;Thorneywork;tthorneyworko0@flickr.com;Male
866;Gib;Martschke;gmartschkeo1@scribd.com;Bigender
867;Lil;Edie;ledieo2@blogs.com;Female
868;Doy;Kennler;dkennlero3@imgur.com;Non-binary
869;Blancha;Abatelli;babatellio4@engadget.com;Female
870;Almira;Bickell;abickello5@hao123.com;Female
871;Rodie;MacAindreis;rmacaindreiso6@stanford.edu;Female
872;Farris;Merner;fmernero7@epa.gov;Male
873;Angelita;Leacock;aleacocko8@instagram.com;Female
874;Orton;Farnon;ofarnono9@sun.com;Male
875;Charmion;Eassom;ceassomoa@amazon.de;Female
876;Siegfried;Ofer;soferob@abc.net.au;Male
877;Tamar;Hughlock;thughlockoc@php.net;Female
878;Godart;Tacker;gtackerod@timesonline.co.uk;Genderqueer
879;Joseph;Barrett;jbarrettoe@phoca.cz;Male
880;Dianemarie;Domone;ddomoneof@myspace.com;Female
881;Jobye;Cuddihy;jcuddihyog@1und1.de;Female
882;Odey;Cubbino;ocubbinooh@usa.gov;Male
883;Annelise;Borless;aborlessoi@webeden.co.uk;Bigender
884;Cletus;Torbard;ctorbardoj@oracle.com;Male
885;Laverna;Nice;lniceok@yelp.com;Female
886;Danna;Basketter;dbasketterol@symantec.com;Female
887;Candace;Pigden;cpigdenom@upenn.edu;Female
888;Peggi;Ravenshear;pravenshearon@wikipedia.org;Female
889;Pepito;Dando;pdandooo@utexas.edu;Male
890;Jacqueline;Lount;jlountop@chronoengine.com;Female
891;Marcel;Spriddle;mspriddleoq@t.co;Bigender
892;Noami;Stockdale;nstockdaleor@google.es;Genderqueer
893;Norrie;Sivier;nsivieros@issuu.com;Male
894;Rasia;Realff;rrealffot@wikia.com;Female
895;Jennette;Alleway;jallewayou@mail.ru;Genderqueer
896;Hally;Francklyn;hfrancklynov@issuu.com;Female
897;Kliment;Gwyer;kgwyerow@furl.net;Male
898;Wittie;Tappor;wtapporox@pinterest.com;Male
899;Samantha;Yendle;syendleoy@tinypic.com;Female
900;Cornelius;Fegan;cfeganoz@nymag.com;Male
901;Elonore;Ager;eagerp0@about.me;Female
902;Diana;Gerraty;dgerratyp1@craigslist.org;Female
903;Alica;Dowdell;adowdellp2@eepurl.com;Female
904;Kasper;Evenett;kevenettp3@trellian.com;Male
905;Franny;Chadney;fchadneyp4@xinhuanet.com;Genderqueer
906;Shannen;Ness;snessp5@theatlantic.com;Female
907;Carolina;Maltster;cmaltsterp6@dell.com;Female
908;Yetty;Caseri;ycaserip7@cisco.com;Female
909;Miguel;Birt;mbirtp8@google.com;Male
910;Leilah;Arnaldo;larnaldop9@github.io;Female
911;Toby;Kendrew;tkendrewpa@woothemes.com;Bigender
912;Jeannette;Carlucci;jcarluccipb@yandex.ru;Female
913;Ricard;Sives;rsivespc@imageshack.us;Male
914;Worthy;Roz;wrozpd@scribd.com;Male
915;Everard;Bigg;ebiggpe@pen.io;Male
916;Taylor;Arney;tarneypf@state.tx.us;Male
917;Reinhold;Knewstub;rknewstubpg@amazon.de;Male
918;Bing;Dowell;bdowellph@tripod.com;Male
919;Adria;Southouse;asouthousepi@vk.com;Female
920;Ettore;Bassford;ebassfordpj@hexun.com;Male
921;Skipper;Keepin;skeepinpk@addthis.com;Male
922;Lucie;Tume;ltumepl@latimes.com;Female
923;Monro;Thomelin;mthomelinpm@go.com;Male
924;Joletta;Kohnemann;jkohnemannpn@wordpress.org;Female
925;Konstantin;O'Kennedy;kokennedypo@squidoo.com;Male
926;Josey;Sumshon;jsumshonpp@webeden.co.uk;Female
927;Phaidra;Pinkie;ppinkiepq@loc.gov;Female
928;Noel;Ockleshaw;nockleshawpr@sciencedirect.com;Female
929;Perceval;Gerrit;pgerritps@patch.com;Genderfluid
930;Artemis;Crankhorn;acrankhornpt@imdb.com;Male
931;Niko;Challes;nchallespu@etsy.com;Male
932;Micki;Figurski;mfigurskipv@linkedin.com;Female
933;Chrissy;Stutard;cstutardpw@ask.com;Male
934;Itch;Wennington;iwenningtonpx@surveymonkey.com;Genderqueer
935;Vasily;Street;vstreetpy@youku.com;Male
936;Liz;Andriveaux;landriveauxpz@latimes.com;Female
937;Nicola;Franceschelli;nfranceschelliq0@mapquest.com;Male
938;Woody;Downie;wdownieq1@ucoz.com;Male
939;Bevan;Landell;blandellq2@tinyurl.com;Male
940;Jacky;Enderby;jenderbyq3@sakura.ne.jp;Polygender
941;Bonnibelle;Simka;bsimkaq4@omniture.com;Female
942;Nickey;Beedie;nbeedieq5@europa.eu;Male
943;Joellen;Shillabear;jshillabearq6@apple.com;Female
944;Graig;Errey;gerreyq7@who.int;Male
945;Tallie;Gulliman;tgullimanq8@last.fm;Female
946;Sarene;Blues;sbluesq9@mediafire.com;Female
947;Gelya;Orthmann;gorthmannqa@walmart.com;Female
948;Nathanial;Cakes;ncakesqb@nasa.gov;Male
949;Nikolaos;Pim;npimqc@wikimedia.org;Male
950;Raphael;Joye;rjoyeqd@livejournal.com;Male
951;Bogey;Summerside;bsummersideqe@washington.edu;Male
952;Armando;Dominec;adominecqf@edublogs.org;Male
953;Curcio;O'Shaughnessy;coshaughnessyqg@ifeng.com;Male
954;Anabel;Hallut;ahallutqh@aol.com;Female
955;Jemmy;Daykin;jdaykinqi@technorati.com;Female
956;Clarita;Barbery;cbarberyqj@naver.com;Female
957;Virginia;Burg;vburgqk@tinyurl.com;Female
958;Odele;Moogan;omooganql@wisc.edu;Female
959;Shandra;January 1st;sjanuarystqm@biblegateway.com;Female
960;Sileas;Krauze;skrauzeqn@gov.uk;Female
961;Gertrude;Gayforth;ggayforthqo@vk.com;Female
962;Mayne;Cromie;mcromieqp@twitpic.com;Male
963;Colline;Dungay;cdungayqq@wunderground.com;Female
964;Ruthe;Piddington;rpiddingtonqr@barnesandnoble.com;Female
965;Rania;Service;rserviceqs@goodreads.com;Female
966;Gerianna;Spur;gspurqt@odnoklassniki.ru;Female
967;Jodi;Mount;jmountqu@edublogs.org;Male
968;Wren;McIlmurray;wmcilmurrayqv@indiatimes.com;Bigender
969;Hermia;Wear;hwearqw@weebly.com;Female
970;Taite;Hizir;thizirqx@jimdo.com;Male
971;Alayne;Buer;abuerqy@tinyurl.com;Female
972;Nikolos;Dwerryhouse;ndwerryhouseqz@aol.com;Male
973;Zebedee;Pateman;zpatemanr0@dropbox.com;Male
974;Pippy;Wrathall;pwrathallr1@tiny.cc;Female
975;Ardys;Baggally;abaggallyr2@admin.ch;Polygender
976;Phyllis;Morrad;pmorradr3@blinklist.com;Female
977;Liane;Chapman;lchapmanr4@amazonaws.com;Female
978;Jordon;Boughtwood;jboughtwoodr5@nsw.gov.au;Male
979;Joane;Nassie;jnassier6@auda.org.au;Female
980;Adria;Phelipeaux;aphelipeauxr7@vk.com;Female
981;Emlynne;Basili;ebasilir8@tinyurl.com;Female
982;Allys;Peinton;apeintonr9@parallels.com;Genderqueer
983;Culver;Muzzlewhite;cmuzzlewhitera@examiner.com;Male
984;Gar;Fearby;gfearbyrb@redcross.org;Male
985;Krystle;Dilkes;kdilkesrc@jugem.jp;Female
986;Hailey;Oleksiak;holeksiakrd@answers.com;Male
987;Francesco;Hawkings;fhawkingsre@theatlantic.com;Male
988;Dorey;Reven;drevenrf@cnn.com;Female
989;Cara;Mayzes;cmayzesrg@cnet.com;Female
990;Federico;Burney;fburneyrh@ox.ac.uk;Male
991;Marci;Reisk;mreiskri@irs.gov;Female
992;Allene;Pittendreigh;apittendreighrj@free.fr;Female
993;Allin;Balsom;abalsomrk@marriott.com;Bigender
994;Delphinia;Farnin;dfarninrl@google.com.au;Agender
995;Guthrie;Sapsforde;gsapsforderm@sciencedaily.com;Male
996;Harriott;Pedlar;hpedlarrn@51.la;Female
997;Adrea;Garfield;agarfieldro@guardian.co.uk;Female
998;Dena;Michin;dmichinrp@gmpg.org;Female
999;Barbara;Caplin;bcaplinrq@china.com.cn;Female
1000;Gerhardt;Newson;gnewsonrr@ibm.com;Male
